Nome, Sobrenome, E-mail, Idade, Genero, Usuario, Senha  
Juulke, Bottenberg, juulke.bottenberg@example.com, 51, female, organicgorilla355, delta
Kyro, Stegeman, kyro.stegeman@example.com, 65, male, bluewolf645, cassie
Deodora, Oliveira, deodora.oliveira@example.com, 47, female, heavypanda549, blake1
Leah, Singh, leah.singh@example.com, 44, female, ticklishdog549, 852456
Bárbara, da Luz, barbara.daluz@example.com, 75, female, silverostrich257, tabitha
Zachary, Claire, zachary.claire@example.com, 54, male, orangerabbit416, patch
Todd, Long, todd.long@example.com, 24, male, orangemouse867, zero
Dieter, Colin, dieter.colin@example.com, 29, male, beautifulkoala542, biggles
Ethan, Singh, ethan.singh@example.com, 61, male, organiczebra398, pain
Charlotte, Ray, charlotte.ray@example.com, 37, female, browntiger676, emerson
نازنین, صدر, nznyn.sdr@example.com, 36, female, blackdog171, liang
Jackson, Rhodes, jackson.rhodes@example.com, 48, male, smallcat737, mirror
Christian, Kristensen, christian.kristensen@example.com, 64, male, angrymouse323, exodus
Begüm, Eronat, begum.eronat@example.com, 56, female, orangefrog682, byteme
Dominic, Morin, dominic.morin@example.com, 22, male, organicbear695, 121314
Paige, Taylor, paige.taylor@example.com, 46, female, crazybird264, enterme
Elsa, Barbier, elsa.barbier@example.com, 28, female, redpeacock718, choice
Madison, Lopez, madison.lopez@example.com, 72, female, smallgoose591, semperfi
Bobby, Ruiz, bobby.ruiz@example.com, 60, male, smallbird605, megane
Grace, Walters, grace.walters@example.com, 36, female, goldenelephant823, becky
Antonio, Barrett, antonio.barrett@example.com, 39, male, silvertiger715, ramones
Afşar, Limoncuoğlu, afsar.limoncuoglu@example.com, 45, female, blackgoose698, rosemary
Sare, Seip, sare.seip@example.com, 72, female, greenswan589, entropy
Engin, Steuer, engin.steuer@example.com, 68, male, crazysnake945, mickey
زهرا, سالاری, zhr.slry@example.com, 35, female, crazylion634, pyramid
Tatiane, Peixoto, tatiane.peixoto@example.com, 35, female, heavydog536, maker
Gloria, Long, gloria.long@example.com, 36, female, goldenrabbit864, goblue
Archer, Smith, archer.smith@example.com, 67, male, happybear470, score
عباس, احمدی, aabs.hmdy@example.com, 75, male, organicbird587, 123abc
Nanne, Treur, nanne.treur@example.com, 66, female, purplepanda770, caught
Begüm, Türkdoğan, begum.turkdogan@example.com, 33, female, whitefrog442, capricor
Dunja, Rhein, dunja.rhein@example.com, 35, female, angrybird848, titts
Esther, Menard, esther.menard@example.com, 59, female, tinypanda406, acid
Karen, Miles, karen.miles@example.com, 35, female, organicgorilla351, ghost1
Diego, Clement, diego.clement@example.com, 55, male, happygorilla572, blueberr
Sherry, Horton, sherry.horton@example.com, 47, female, brownfish582, happyday
Peter, Shaw, peter.shaw@example.com, 25, male, angryostrich630, master1
Dustin, Long, dustin.long@example.com, 38, male, smalldog421, ninjas
Carina, Gomes, carina.gomes@example.com, 35, female, blackduck939, ppppppp
Karla, Sørensen, karla.sorensen@example.com, 55, female, orangeswan132, sheep
Faith, Hall, faith.hall@example.com, 25, female, redgoose445, nuts
Clara, Scott, clara.scott@example.com, 31, female, happyladybug342, 11111
Nolhan, Renaud, nolhan.renaud@example.com, 60, male, happygoose534, flesh
Gaël, Lambert, gael.lambert@example.com, 36, male, angrydog827, cynthia
May, Opland, may.opland@example.com, 42, female, silverbutterfly321, 01234567
تارا, علیزاده, tr.aalyzdh@example.com, 61, female, redgorilla720, asdf12
Aubin, Lambert, aubin.lambert@example.com, 68, male, sadmouse718, subway
Rodney, Holmes, rodney.holmes@example.com, 38, male, happyostrich687, jedi
Aymane, Navis, aymane.navis@example.com, 35, male, blackleopard921, kotaku
Bianka, Bartmann, bianka.bartmann@example.com, 69, female, happygoose532, forum
Stacy, Robinson, stacy.robinson@example.com, 53, female, redlion930, paradise
Maja, Rasmussen, maja.rasmussen@example.com, 28, female, lazybutterfly770, 1225
Fiona, Bishop, fiona.bishop@example.com, 63, female, heavybutterfly547, chickens
Vívian, da Mota, vivian.damota@example.com, 40, female, organicmouse893, 101010
Stephanie, Kelley, stephanie.kelley@example.com, 55, female, tinycat944, bangkok
Olava, Rynning, olava.rynning@example.com, 24, female, organicelephant743, qqqqqqqq
Clarence, Sutton, clarence.sutton@example.com, 40, male, yellowladybug302, lion
Aatu, Huhtala, aatu.huhtala@example.com, 56, male, beautifultiger743, indain
Isabelle, Williams, isabelle.williams@example.com, 47, female, heavylion196, creamy
Sebastian, Johnson, sebastian.johnson@example.com, 52, male, blackpanda473, locks
Iida, Saarela, iida.saarela@example.com, 57, female, yellowmouse474, franklin
Kerim, Orbay, kerim.orbay@example.com, 63, male, yellowmouse770, avalon
Ivano, Sanchez, ivano.sanchez@example.com, 62, male, whitefrog391, mackie
Vilma, Lehtola, vilma.lehtola@example.com, 40, female, purplezebra984, jaybird
Özkan, Koyuncu, ozkan.koyuncu@example.com, 62, male, organicfish910, derek
Victoria, Wong, victoria.wong@example.com, 33, female, angrybear314, psycho
Anaïs, Picard, anais.picard@example.com, 43, female, redbear426, crimson
Stephanie, Miller, stephanie.miller@example.com, 47, female, goldenpanda870, pearl
Borja, Ramos, borja.ramos@example.com, 61, male, bluekoala558, barnes
Jayden, Tiller, jayden.tiller@example.com, 64, male, yellowmeercat218, shadow1
Önal, Çörekçi, onal.corekci@example.com, 72, male, ticklishgorilla296, mechanic
Väinö, Puro, vaino.puro@example.com, 33, male, bluemouse218, pimp
Alberto, Romero, alberto.romero@example.com, 44, male, happybutterfly200, sheba1
Marcella, Erdmann, marcella.erdmann@example.com, 72, female, silvertiger248, joyce
Lilja, Korpela, lilja.korpela@example.com, 37, female, beautifulrabbit883, color
Alexander, Singh, alexander.singh@example.com, 66, male, greenbird305, chillin
Angie, Hawkins, angie.hawkins@example.com, 23, female, heavybutterfly422, basketba
Loet, Durmus, loet.durmus@example.com, 66, male, tinybutterfly801, legolas
Milja, Kangas, milja.kangas@example.com, 71, female, bigfish984, link
Curtis, Snyder, curtis.snyder@example.com, 60, male, bluegoose455, mustang2
Emil, Hansen, emil.hansen@example.com, 50, male, purplebird985, coke
Claudia, Heintz, claudia.heintz@example.com, 25, female, tinybear175, wordpass
Phil, Freeman, phil.freeman@example.com, 68, male, heavyelephant812, ddddddd
Berfin, Overgoor, berfin.overgoor@example.com, 75, female, brownbird817, 1112
Eren, Hammerø, eren.hammero@example.com, 58, male, brownmeercat723, muffin1
Lina, Holtmann, lina.holtmann@example.com, 66, female, ticklishfish168, einstein
Indie, Edwards, indie.edwards@example.com, 73, female, goldenbutterfly218, postman
Katie, Young, katie.young@example.com, 41, female, happylion529, kingfish
Matthias, Løtveit, matthias.lotveit@example.com, 29, male, orangeswan800, griffin
Ryder, Roy, ryder.roy@example.com, 54, male, blacklion136, qwerty1
Victoria, Larsen, victoria.larsen@example.com, 52, female, browngorilla512, patience
Matej, Van der Zon, matej.vanderzon@example.com, 28, male, blackfrog758, 646464
Sofia, Robert, sofia.robert@example.com, 72, female, whitezebra868, caprice
Iiris, Marttila, iiris.marttila@example.com, 51, female, tinysnake500, honor
Marilou, Addy, marilou.addy@example.com, 42, female, lazyzebra435, theking
Myrtle, Reed, myrtle.reed@example.com, 69, female, lazyladybug467, jaguar
Clara, Andersen, clara.andersen@example.com, 36, female, beautifulzebra784, bryan1
Suzanna, Ray, suzanna.ray@example.com, 54, female, yellowbear494, alyssa
Cristina, Santana, cristina.santana@example.com, 64, female, bigbird215, katrina
Siegward, Böhringer, siegward.bohringer@example.com, 75, male, crazyrabbit497, farm
Derek, Freeman, derek.freeman@example.com, 36, male, ticklishbutterfly200, carole
Irmelin, Kilen, irmelin.kilen@example.com, 71, female, redpanda987, admin1
Henry, Grøneng, henry.groneng@example.com, 40, male, redgorilla549, pajero
Alice, Roy, alice.roy@example.com, 74, female, happykoala269, nelson
Gökhan, Gürmen, gokhan.gurmen@example.com, 44, male, happytiger343, easton
Isra, Lindanger, isra.lindanger@example.com, 25, female, purplemeercat109, handsome
Siiri, Rautio, siiri.rautio@example.com, 35, female, heavyzebra151, mike123
Owen, Harris, owen.harris@example.com, 41, male, whitedog631, matthew
Tobias, Jørgensen, tobias.jorgensen@example.com, 26, male, orangesnake337, kirsten
Nalan, Öymen, nalan.oymen@example.com, 38, female, crazylion266, barcelona
Max, Gray, max.gray@example.com, 41, male, ticklishrabbit515, barron
Charles, Kelley, charles.kelley@example.com, 29, male, whitecat221, kahuna
Vebjørn, Wiborg, vebjorn.wiborg@example.com, 65, male, silverkoala928, handyman
Elias, Thomsen, elias.thomsen@example.com, 29, male, ticklishfrog153, hjkl
Vicente, Rodriguez, vicente.rodriguez@example.com, 76, male, yellowfrog444, xerxes
Sofia, Arola, sofia.arola@example.com, 61, female, organicdog167, wagner
Mara, Alves, mara.alves@example.com, 38, female, whitetiger490, rooster
دانیال, مرادی, dnyl.mrdy@example.com, 24, male, purpleelephant363, eastern
Julia, Kumpula, julia.kumpula@example.com, 69, female, sadgorilla836, daphne
Allert, Tielens, allert.tielens@example.com, 69, male, silvertiger142, hondas
Ron, Ochs, ron.ochs@example.com, 59, male, bluesnake102, titans
Waldemar, Schuldt, waldemar.schuldt@example.com, 53, male, organicladybug949, tetsuo
Kaya, Alnıaçık, kaya.alniacik@example.com, 69, male, organicpeacock623, spice
Florinda, Alves, florinda.alves@example.com, 49, female, yellowpanda425, iscool
Aldónio, Aragão, aldonio.aragao@example.com, 27, male, yellowkoala374, 5555
Matilda, Jackson, matilda.jackson@example.com, 39, female, sadmouse408, super1
Axelle, Blanchard, axelle.blanchard@example.com, 34, female, angryzebra789, stinky
Fanny, Lopez, fanny.lopez@example.com, 36, female, bigduck937, derek
Afet, Tunçeri, afet.tunceri@example.com, 61, female, brownswan138, wanker
Lamar, Strømsvåg, lamar.stromsvag@example.com, 63, female, redkoala423, sunday
Tonya, Price, tonya.price@example.com, 66, female, purplelion294, fearless
Mestan, Akyürek, mestan.akyurek@example.com, 28, female, whitefrog981, song
Emilie, Liu, emilie.liu@example.com, 64, female, organicpanda682, glennwei
Kasper, Hakala, kasper.hakala@example.com, 66, male, redladybug192, sissy
Florence, Johnston, florence.johnston@example.com, 25, female, happydog498, majestic
Ceyhan, Kaya, ceyhan.kaya@example.com, 72, female, whitebird967, deluxe
Rita, Johnson, rita.johnson@example.com, 52, female, greenbear359, francine
Kerttu, Seppala, kerttu.seppala@example.com, 74, female, crazyfrog353, golfpro
Lærke, Wangberg, laerke.wangberg@example.com, 36, female, smallpanda426, zhao
Lily, Johnson, lily.johnson@example.com, 64, female, crazyostrich846, toyota
Asta, Møller, asta.moller@example.com, 46, female, organicgoose147, 7734
Anna, Hughes, anna.hughes@example.com, 54, female, brownmeercat893, edward1
Josiene, Aragão, josiene.aragao@example.com, 66, female, tinyswan910, toejam
Vanesa, Rubio, vanesa.rubio@example.com, 60, female, organiclion391, jackal
سورنا, رضایی, swrn.rdyy@example.com, 60, male, lazysnake966, frank1
Alejandro, Benitez, alejandro.benitez@example.com, 42, male, organicsnake303, eduard
Theresa, Long, theresa.long@example.com, 32, female, brownbear808, jokers
Daryl, Webb, daryl.webb@example.com, 73, male, bigmouse754, 1011
Claire, Lopez, claire.lopez@example.com, 37, female, bluedog617, bonjovi
Vinjar, Fjermestad, vinjar.fjermestad@example.com, 45, male, whitebear947, illusion
Aude, Guerin, aude.guerin@example.com, 30, female, purpleostrich582, maryann
Quintijn, Waltmans, quintijn.waltmans@example.com, 59, male, smallelephant905, herman
Brandon, Henderson, brandon.henderson@example.com, 67, male, beautifulrabbit204, basketball
Gard, Bakka, gard.bakka@example.com, 40, male, beautifulcat630, augusta
Olivia, Tikkanen, olivia.tikkanen@example.com, 36, female, bluesnake337, armani
Yvonne, Collins, yvonne.collins@example.com, 60, female, whitegorilla477, gizmo1
Olivia, Raisanen, olivia.raisanen@example.com, 46, female, tinyelephant661, deng
Vânio, da Rocha, vanio.darocha@example.com, 25, male, blackzebra896, westham
Nihad, Van Maaren, nihad.vanmaaren@example.com, 51, male, sadleopard786, research
Violet, Anderson, violet.anderson@example.com, 32, female, lazyelephant970, tong
Thomas, Morin, thomas.morin@example.com, 47, male, goldenswan545, senator
Joona, Kyllonen, joona.kyllonen@example.com, 35, male, browngoose832, rebels
رضا, حسینی, rd.hsyny@example.com, 68, male, purplewolf413, hughes
Urea, da Cruz, urea.dacruz@example.com, 32, female, whitegorilla142, pickup
Çetin, Kaya, cetin.kaya@example.com, 29, male, happyzebra218, ross
Martinius, Heggset, martinius.heggset@example.com, 75, male, happyswan916, thecat
Patricia, Brewer, patricia.brewer@example.com, 72, female, greengoose770, amature
Mestan, Abacı, mestan.abaci@example.com, 63, female, yellowkoala459, blossom
August, Sørensen, august.sorensen@example.com, 71, male, lazywolf612, claire
Batur, Öztonga, batur.oztonga@example.com, 26, male, tinytiger429, coolness
Simon, Roger, simon.roger@example.com, 65, male, lazygoose472, zzzzzz1
Violeta, Martinez, violeta.martinez@example.com, 68, female, redbutterfly321, user
Maxence, Simon, maxence.simon@example.com, 70, male, greenbear919, river
Rosario, Reyes, rosario.reyes@example.com, 75, female, beautifulgoose757, qwert123
Sibel, Verdoes, sibel.verdoes@example.com, 45, female, sadduck406, videoes
Linda, Crawford, linda.crawford@example.com, 28, female, yellowcat452, master
Leticia, Martin, leticia.martin@example.com, 42, female, whitebird621, aaa111
Tina, Hayes, tina.hayes@example.com, 64, female, angrymeercat210, pistol
Sonia, Oliver, sonia.oliver@example.com, 47, female, sadelephant794, gotcha
Andrew, Bradley, andrew.bradley@example.com, 59, male, lazyleopard550, 1981
Charles, Wright, charles.wright@example.com, 64, male, blackdog164, quattro
Mestan, Akyüz, mestan.akyuz@example.com, 33, female, happyzebra926, filthy
Johan, Rasmussen, johan.rasmussen@example.com, 25, male, redpeacock834, momomo
Adam, Singh, adam.singh@example.com, 44, male, goldenmeercat986, alabama
Duane, Brewer, duane.brewer@example.com, 40, male, happysnake835, champ
Claude, Cox, claude.cox@example.com, 43, male, smallkoala103, fighting
Eino, Kivi, eino.kivi@example.com, 48, male, brownbird360, funfun
Busra, Bennik, busra.bennik@example.com, 41, female, whitetiger227, horny1
Albert, Herrero, albert.herrero@example.com, 42, male, tinywolf154, cornell
Viljami, Heino, viljami.heino@example.com, 57, male, ticklishfrog527, interest
Tormod, Skjetne, tormod.skjetne@example.com, 27, male, whitedog465, 181818
Sara, Parra, sara.parra@example.com, 45, female, silvermouse939, poland
Orlandino, Cavalcanti, orlandino.cavalcanti@example.com, 58, male, bigpeacock323, boobies
Claudia, Moya, claudia.moya@example.com, 63, female, tinysnake345, christmas
Winfried, Bunk, winfried.bunk@example.com, 72, male, crazypeacock101, bean
Gesine, Pech, gesine.pech@example.com, 23, female, goldenpeacock672, cutlass
Alicia, Gagnon, alicia.gagnon@example.com, 34, female, redbird953, popopo
Otto, Marstein, otto.marstein@example.com, 60, male, brownbutterfly961, sanford
Cherly, Ross, cherly.ross@example.com, 34, female, redkoala644, jessica1
Pauline, Eknes, pauline.eknes@example.com, 68, female, lazyrabbit318, baron
رونیکا, حیدری, rwnykh.hydry@example.com, 71, female, happyostrich310, carnival
Milja, Kivi, milja.kivi@example.com, 54, female, greenleopard433, state
هلیا, رضاییان, hly.rdyyn@example.com, 44, female, goldenlion778, machine
Aurora, Chen, aurora.chen@example.com, 54, female, beautifulfrog677, trance
Thomas, Roy, thomas.roy@example.com, 66, male, smallswan244, camp
Niklas, Hakala, niklas.hakala@example.com, 39, male, greenladybug423, tottenham
Signe, Ustad, signe.ustad@example.com, 74, female, tinypanda795, christina
Valeria, Dumont, valeria.dumont@example.com, 23, female, happydog549, printer
Abigail, Trøan, abigail.troan@example.com, 65, female, greenzebra131, dallas
Andreas, Ims, andreas.ims@example.com, 67, male, silverfish820, skunk
Lester, Farragher, lester.farragher@example.com, 74, male, tinygorilla243, wicked
Sasha, Mathieu, sasha.mathieu@example.com, 75, male, blueelephant173, wildcat
Rosalyn, Campbell, rosalyn.campbell@example.com, 43, female, bigmouse674, raven
Emre, Abanuz, emre.abanuz@example.com, 42, male, heavydog962, shannon
Özsu, Duygulu, ozsu.duygulu@example.com, 63, female, smalldog825, doomsday
Tormod, Røren, tormod.roren@example.com, 49, male, ticklishleopard936, 181818
Christof, Ernst, christof.ernst@example.com, 58, male, yellowzebra946, passme
Begoña, Saez, begona.saez@example.com, 53, female, sadelephant498, 1120
Wilma, Watkins, wilma.watkins@example.com, 59, female, goldenwolf425, clock
Nikola, Lehne, nikola.lehne@example.com, 26, female, tinyladybug738, vantage
Eetu, Annala, eetu.annala@example.com, 48, male, purplezebra488, platypus
Buse, Yıldızoğlu, buse.yildizoglu@example.com, 57, female, beautifulfish179, james1
Flavio, Dubbeld, flavio.dubbeld@example.com, 28, male, ticklishfrog145, jasmine
Clara, Parra, clara.parra@example.com, 22, female, brownpanda758, 2005
Niilo, Hietala, niilo.hietala@example.com, 29, male, greenswan121, debbie
Lune, Drees, lune.drees@example.com, 61, female, orangelion624, diving
Baptiste, Deschamps, baptiste.deschamps@example.com, 25, male, bigladybug730, mooney
Peppi, Peltola, peppi.peltola@example.com, 25, female, yellowpanda183, silly
Noam, Mercier, noam.mercier@example.com, 58, male, bluefrog516, bobbie
Mikkel, Jørgensen, mikkel.jorgensen@example.com, 39, male, lazyfish271, ramona
Ismael, Nuñez, ismael.nunez@example.com, 59, male, heavyfish737, simba1
Arron, Wade, arron.wade@example.com, 27, male, purplebutterfly526, delphi
شایان, کامروا, shyn.khmrw@example.com, 29, male, brownsnake837, bruno1
Janet, Graves, janet.graves@example.com, 34, female, smallladybug925, piao
Wiard, Knoef, wiard.knoef@example.com, 33, male, sadbutterfly926, giovanna
Alex, Gardner, alex.gardner@example.com, 66, male, goldendog372, thunderb
Vanice, Fogaça, vanice.fogaca@example.com, 36, female, happyduck455, saratoga
Brigitte, Pieter, brigitte.pieter@example.com, 72, female, purplemouse217, foot
Brooklyn, Jones, brooklyn.jones@example.com, 41, female, goldenlion388, asswipe
Juliette, Roussel, juliette.roussel@example.com, 51, female, heavyrabbit681, donkey
Jonathan, Pedersen, jonathan.pedersen@example.com, 37, male, angryrabbit593, pornking
Deniz, Babaoğlu, deniz.babaoglu@example.com, 34, male, sadmouse341, finder
Antoine, Bergeron, antoine.bergeron@example.com, 40, male, silverzebra374, crystal
Ralph, Hawkins, ralph.hawkins@example.com, 57, male, happyostrich734, hornet
Alison, Fuller, alison.fuller@example.com, 47, female, redbird275, maximum
Ernest, Collins, ernest.collins@example.com, 68, male, tinyladybug905, cicero
Martin, Hopkins, martin.hopkins@example.com, 67, male, heavyfish609, deadly
Ellen, Leppanen, ellen.leppanen@example.com, 61, female, sadcat695, redbone
سپهر, نكو نظر, sphr.nkwnzr@example.com, 60, male, blackostrich785, zhua
Russell, Austin, russell.austin@example.com, 60, male, brownladybug782, hottie
Gabrielle, Meunier, gabrielle.meunier@example.com, 51, female, heavytiger118, scooby1
Valentin, Santiago, valentin.santiago@example.com, 35, male, happybear678, shamus
Samantha, Kelley, samantha.kelley@example.com, 49, female, redelephant716, legs
Brooke, Moore, brooke.moore@example.com, 75, female, tinysnake881, girls1
Sergio, Medina, sergio.medina@example.com, 65, male, greensnake956, mandy1
Willard, Owens, willard.owens@example.com, 41, male, blueostrich624, jewish
Carl, Walker, carl.walker@example.com, 68, male, goldenladybug786, bill
Lidia, Lenzen, lidia.lenzen@example.com, 43, female, ticklishwolf802, chemical
Silke, Jensen, silke.jensen@example.com, 23, female, sadfish862, pickup
Rocco, Denekamp, rocco.denekamp@example.com, 74, male, reddog245, mmmmmmmm
Courtney, Cunningham, courtney.cunningham@example.com, 42, female, greenswan674, grapes
Ulrike, Backhaus, ulrike.backhaus@example.com, 22, female, brownsnake693, 159357
Ellen, Duncan, ellen.duncan@example.com, 31, female, blackrabbit666, young
Logan, Ferguson, logan.ferguson@example.com, 57, male, blackfish511, survivor
Alisa, Huhta, alisa.huhta@example.com, 44, female, lazyostrich490, bigblue
Édipo, Ferreira, edipo.ferreira@example.com, 51, male, blackbutterfly460, lancia
Lillie, Woods, lillie.woods@example.com, 28, female, bigladybug141, memory
Hubert, Giebel, hubert.giebel@example.com, 61, male, brownswan904, pool
Elijah, Franklin, elijah.franklin@example.com, 48, male, orangedog332, 494949
Justin, Mathieu, justin.mathieu@example.com, 73, male, ticklishfish760, 2525
Joana, Leclerc, joana.leclerc@example.com, 49, female, blackpanda867, skyler
Joy, Warren, joy.warren@example.com, 38, female, redkoala820, pasword
Amalia, Vedal, amalia.vedal@example.com, 65, female, whitepeacock933, 134679
Isobel, Butler, isobel.butler@example.com, 43, female, goldengoose182, rocco
Harrison, Walker, harrison.walker@example.com, 35, male, whitepanda776, shan
Jennifer, Price, jennifer.price@example.com, 58, female, bigtiger432, chriss
Josephus, Van der Lingen, josephus.vanderlingen@example.com, 32, male, purpleduck205, caprice
Isabella, Jones, isabella.jones@example.com, 29, female, brownostrich983, patrick
Freddie, Torres, freddie.torres@example.com, 54, male, purpleelephant858, martin1
Halvard, Nystrand, halvard.nystrand@example.com, 65, male, ticklishleopard731, upyours
Roberto, Holland, roberto.holland@example.com, 43, male, orangebutterfly629, milano
Rasmus, Jensen, rasmus.jensen@example.com, 55, male, happytiger481, nnnnnnn
Pilar, Dominguez, pilar.dominguez@example.com, 74, female, greendog861, america
Joachim, Rousseau, joachim.rousseau@example.com, 24, male, lazyzebra305, stone1
میلاد, قاسمی, myld.qsmy@example.com, 42, male, purplesnake903, europa
Margot, Robin, margot.robin@example.com, 45, female, tinyswan501, scania
Mila, Vidal, mila.vidal@example.com, 68, female, goldenwolf180, pretty
Amelia, Ennis, amelia.ennis@example.com, 74, female, ticklishgorilla344, pocket
Ella, Andersen, ella.andersen@example.com, 28, female, heavywolf413, scream
Billie, Berry, billie.berry@example.com, 37, female, happyswan552, figaro
Özsu, Eliçin, ozsu.elicin@example.com, 45, female, smallbutterfly900, matty
Sinara, Jesus, sinara.jesus@example.com, 24, female, happyduck191, clarissa
Zoe, Franklin, zoe.franklin@example.com, 66, female, goldenwolf533, bubba123
Emily, Pelletier, emily.pelletier@example.com, 64, female, greenelephant410, kittie
Heinz-Günter, Kindermann, heinz-gunter.kindermann@example.com, 25, male, brownduck896, troll
حامد, سالاری, hmd.slry@example.com, 35, male, silverzebra893, camaro
Afet, Bademci, afet.bademci@example.com, 64, female, blackmouse212, 1124
Vadim, Van Overdijk, vadim.vanoverdijk@example.com, 24, male, whitezebra625, joanne
Kajus, Sakariassen, kajus.sakariassen@example.com, 55, male, blackleopard748, chun
Gordana, Meiners, gordana.meiners@example.com, 35, female, tinykoala760, project
